Adam,Suliński,19
Janusz,Korytkowski,23
Krzysztof,Kierzkowski,47
Anna,Magiera,53
Jolanta,Wrzesień,53
Marek,Smolarczyk,30
Tomasz,Mierzwiński,44
Piotr,Szymanek,49
Anna,Wasik,37
Jolanta,Paszkiewicz,30
Ewelina,Kolenda,18
Daniel,Pogorzelski,52
Mateusz,Skierski,61
Ryszard,Gliniecki,68
Jacek,Kuczewski,61
Magdalena,Gołda,66
Edward,Żurawski,25
Bogusław,Springer,38
Cezary,Sas,46
Dominik,Czerniawski,28
Eugeniusz,Siczek,27
Honorata,Jóźwik,24
Przemysław,Trębacz,63
Jacek,Rudy,38
Ilona,Zaczek,69
Katarzyna,Rybus,24
Leon,Krzemiński,26
Monika,Postek,57
Natalia,Głodek,21
Paweł,Bidziński,62
Grzegorz,Wydrzyński,62
Oliwia,Matczak,68
Adam,Marciniak,27
Janusz,Szczecina,29
Krzysztof,Dyduch,34
Anna,Dul,50
Jolanta,Karaszewski,57
Marek,Łada,26
Tomasz,Stasiewicz,63
Piotr,Salwa,62
Anna,Młynarczyk,32
Jolanta,Maciąg,30
Ewelina,Jatczak,49
Daniel,Niemiec,51
Mateusz,Leszek,57
Andrzej,Dworzyński,41
Jacek,Latała,36
Magdalena,Szafranek,55
Edward,Stypułkowski,24
Bogusław,Sołtys,58
Cezary,Stach,47
Dominik,Gładysz,44
Eugeniusz,Moroz,20
Honorata,Jesionek,56
Przemysław,Głód,31
Jacek,Kulak,48
Ilona,Wojcieszak,17
Katarzyna,Małkowski,25
Leon,Tchórzewski,32
Monika,Sieczka,63
Natalia,Gołębiewski,58
Paweł,Banasiewicz,61
Grzegorz,Fil,65
Oliwia,Sobecki,60
Anna,Kozik,33
Jolanta,Wołyniec,50
Marek,Zuber,28
Tomasz,Woźnicki,70
Piotr,Skibiński,45
Anna,Kuźniewski,61
Jolanta,Cebulski,36
Ewelina,Jachym,50
Daniel,Marcinowski,67
Mateusz,Pęcak,32
Andrzej,Kukliński,35
Jacek,Małecki,32
Magdalena,Drogosz,62
Edward,Grzenkowicz,26
Bogusław,Szymura,56
Cezary,Karcz,58
Dominik,Biedrzycki,41
Eugeniusz,Suszek,35
Honorata,Gwiazda,22
Przemysław,Filipiak,44
Jacek,Frączyk,43
Ilona,Tomczak,26
Katarzyna,Luty,57
Leon,Skrzypczyk,63
Monika,Janus,59
Natalia,Bochenek,22
Paweł,Piekarz,32
Grzegorz,Krzesiński,37
Oliwia,Ciach,49
Adam,Oleksy,56
Janusz,Stasiński,49
Krzysztof,Mędrek,38
Anna,Borek,69
Jolanta,Malewski,52
Marek,Drzyzga,67
Tomasz,Ceglarek,30
Piotr,Bobowski,53
Anna,Sobieszek,39
Jolanta,Majczak,46
Ewelina,Tomiak,22
Daniel,Kudelski,43
Mateusz,Makuch,40
Andrzej,Olech,28
Jacek,Wojtkowski,55
Magdalena,Zamorski,27
Edward,Kruszyna,43
Bogusław,Marciniuk,23
Cezary,Kośmider,64
Dominik,Wiktorski,40
Eugeniusz,Pieczyński,36
Honorata,Pawełczyk,69
Przemysław,Rykaczewski,37
Jacek,Fijał,60
Ilona,Chojecki,60
Katarzyna,Węgrzynowski,54
Leon,Piwoński,68
Monika,Nowakowski,35
Natalia,Nosal,40
Paweł,Psiuk,57
Grzegorz,Gnatowski,62
Oliwia,Tomiczek,58
Anna,Starzyński,59
Jolanta,Miecznikowski,37
Marek,Huk,65
Tomasz,Sobik,44
Piotr,Siwek,41
Anna,Grobelna,20
Jolanta,Ponikowski,59
Ewelina,Gębski,65
Daniel,Kamieński,67
Mateusz,Orczyk,22
Andrzej,Jaroń,25
Jacek,Kozera,70
Magdalena,Mielewczyk,53
Edward,Zaremba,28
Bogusław,Buczyński,40
Cezary,Dmochowski,56
Dominik,Smyczek,61
Eugeniusz,Ziółek,27
Honorata,Cwynar,57
Przemysław,Oczkowski,34
Jacek,Kamola,33
Ilona,Kościański,62
Katarzyna,Miler,42
Leon,Zdeb,44
Monika,Barański,42
Natalia,Chrostowski,54
Paweł,Samsel,61
Grzegorz,Ignatowski,42
Oliwia,Główka,62
Adam,Patyk,37
Janusz,Godula,57
Krzysztof,Szulczewski,38
Anna,Supiński,69
Jolanta,Jeż,59
Marek,Bojar,54
Tomasz,Przybyłek,26
Piotr,Śmiech,40
Anna,Kubicki,20
Jolanta,Gawroński,42
Ewelina,Czapka,54
Daniel,Chołuj,51
Mateusz,Mularczyk,69
Andrzej,Czernicki,57
Jacek,Nieć,62
Magdalena,Szustak,31
Edward,Siemaszko,34
Bogusław,Sałaciński,62
Cezary,Fabiś,53
Dominik,Gralak,43
Eugeniusz,Kocot,25
Honorata,Anioł,52
Przemysław,Gregorczyk,30
Jacek,Kołodziejski,68
Ilona,Jasiak,31
Katarzyna,Gruchot,42
Leon,Kotynia,39
Monika,Mierzyński,65
Natalia,Albrecht,65
Paweł,Jakóbczak,55
Grzegorz,Staś,60
Oliwia,Makowiecki,67
Anna,Gawron,64
Jolanta,Zagrodzki,48
Marek,Maziarz,52
Tomasz,Okrasa,45
Piotr,Talaga,33
Anna,Brożek,59
Jolanta,Lesiuk,56
Ewelina,Niewiadomski,64
Daniel,Podgórski,26
Mateusz,Sikora,65
Andrzej,Ćwiek,40
Jacek,Wojewoda,34
Magdalena,Pawiński,26
Edward,Gruchała,39
Bogusław,Dyga,25
Cezary,Kluba,28
Dominik,Świeboda,21
Eugeniusz,Boruch,63
Piotr,Grochocki,51
Przemysław,Wojtczak,28
Jacek,Kałużyński,39
Ilona,Łagowski,42
Katarzyna,Fąfara,59
Leon,Koperski,44
Monika,Drozdek,23
Natalia,Siwak,59
Paweł,Białkowski,21
Grzegorz,Tokarski,66
Oliwia,Gaik,63
Adam,Wąsik,23
Janusz,Łach,25
Krzysztof,Kępiński,54
Anna,Jacek,67
Jolanta,Gajek,57
Marek,Drążkowski,46
Tomasz,Baczyński,58
Piotr,Zakrzewski,69
Anna,Bednarek,69
Jolanta,Majchrowicz,56
Ewelina,Szabat,54
Daniel,Matusz,38
Mateusz,Skorupka,70
Andrzej,Przybył,21
Jacek,Matulewicz,24
Magdalena,Gałczyński,30
Edward,Twardowski,33
Bogusław,Jucha,43
Cezary,Staniek,47
Dominik,Sawicki,34
Eugeniusz,Kubiński,60
Honorata,Janek,50
Przemysław,Bogacz,39
Jacek,Woźniakowski,59
Ilona,Wichrowski,57
Katarzyna,Dubiel,31
Grzegorz,Soszyński,54
Monika,Frączek,39
Natalia,Rojek,35
Paweł,Kus,39
Grzegorz,Żukowski,46
Oliwia,Kondratowicz,33
Anna,Nowaczyk,29
Jolanta,Kupiński,47
Marek,Marchewka,59
Tomasz,Bystrzycki,30
Piotr,Lizak,45
Anna,Chłopek,55
Jolanta,Krakowiak,46
Ewelina,Kaźmierczak,32
Daniel,Marcinkiewicz,62
Mateusz,Gaj,68
Andrzej,Wrona,56
Jacek,Bartoszewski,29
Magdalena,Świstak,48
Edward,Kalbarczyk,32
Bogusław,Garbarczyk,58
Cezary,Czop,55
Dominik,Szostek,26
Eugeniusz,Puchacz,41
Honorata,Budzik,54
Przemysław,Bućko,23
Jacek,Słomczyński,43
Ilona,Dynowski,26
Katarzyna,Sitko,64
Leon,Kobyłecki,57
Monika,Paździor,69
Natalia,Dominiczak,53
Paweł,Spyrka,53
Grzegorz,Zapart,46
Bartłomiej,Żuchowski,35
Adam,Miklaszewski,15
Janusz,Mroziński,55
Krzysztof,Dróżdż,62
Anna,Przybyło,63
Jolanta,Archacki,35
Marek,Najman,24
Tomasz,Koczorowski,34
Piotr,Waliczek,24
Anna,Durczak,47
Jolanta,Kłys,38
Ewelina,Jarząbek,34
Daniel,Zawierucha,62
Mateusz,Jarczyński,48
Andrzej,Juszczak,38
Jacek,Krzeszowski,61
Magdalena,Szczupak,39
Edward,Wieczorkowski,25
Bogusław,Ligęza,46
Cezary,Książek,69
Dominik,Wołoszyn,40
Eugeniusz,Burakowski,31
Honorata,Kołodyński,62
Przemysław,Prusaczyk,34
Jacek,Surówka,39
Krzysztof,Włodarski,33
Katarzyna,Śnieżek,53
Leon,Małyska,66
Monika,Orzeł,30
Natalia,Nakielski,56
Paweł,Zawada,33
Grzegorz,Zarębski,66
Oliwia,Ślusarek,59
Anna,Szymański,20
Jolanta,Podleśny,22
Marek,Lach,32
Tomasz,Ossowski,52
Piotr,Kęsicki,67
Anna,Porowski,55
Jolanta,Rachwał,66
Ewelina,Kryger,63
Daniel,Zuba,22
Mateusz,Bilicki,44
Andrzej,Nadolski,51
Jacek,Świątczak,27
Magdalena,Serek,46
Edward,Piela,57
Bogusław,Drożdż,51
Cezary,Ponichtera,53
Dominik,Świerczewski,56
Eugeniusz,Janosz,44
Honorata,Rybakowski,35
Przemysław,Świderek,37
Jacek,Woś,35
Ilona,Chwałek,22
Katarzyna,Ryszkowski,22
Leon,Gronowski,40
Monika,Konieczko,51
Natalia,Caban,38
Paweł,Rynkiewicz,22
Grzegorz,Zoń,46
Oliwia,Ruszczak,37
Adam,Ambroziak,60
Janusz,Młynarski,25
Krzysztof,Ratajski,47
Anna,Michalczuk,65
Jolanta,Sibiński,18
Marek,Zaborowski,53
Tomasz,Buśko,52
Piotr,Rams,49
Anna,Sosin,63
Jolanta,Czernek,32
Ewelina,Lisewski,66
Daniel,Tomaszek,42
Mateusz,Stokowski,54
Andrzej,Różalski,21
Jacek,Skałecki,39
Janusz,Baliński,42
Edward,Kuźnicki,30
Bogusław,Grzybek,52
Cezary,Kuliś,44
Dominik,Koc,66
Eugeniusz,Kustra,36
Honorata,Syrek,30
Przemysław,Wójcik,63
Jacek,Martyniak,62
Ilona,Łysek,65
Katarzyna,Boczek,40
Leon,Wierzbowski,64
Monika,Rosik,48
Natalia,Janikowski,60
Paweł,Markowicz,45
Grzegorz,Guzek,19
Oliwia,Kunc,64
Anna,Zaworski,30
Jolanta,Bigus,27
Marek,Chwiałkowski,20
Tomasz,Fiszer,42
Piotr,Bigos,18
Anna,Bykowski,42
Jolanta,Józefczyk,68
Ewelina,Kobylarz,55
Daniel,Grzęda,39
Mateusz,Balicki,23
Andrzej,Smoła,48
Jacek,Sajdak,49
Magdalena,Ciosek,52
Edward,Matoga,35
Bogusław,Danielewski,65
Cezary,Urbanik,58
Dominik,Kobyłka,65
Eugeniusz,Kłosiński,57
Honorata,Ziętek,63
Przemysław,Lenartowicz,26
Jacek,Płochocki,20
Ilona,Paś,62
Katarzyna,Gospodarczyk,41
Leon,Opałka,44
Monika,Smółka,21
Natalia,Fronczak,43
Paweł,Słomka,52
Grzegorz,Wachnik,38
Oliwia,Kuśmirek,41
Adam,Smolik,32
Janusz,Gonera,66
Krzysztof,Bajda,46
Anna,Dubaj,56
Jolanta,Raszka,60
Marek,Kortas,39
Tomasz,Kijewski,22
Piotr,Milanowski,55
Anna,Dybała,26
Jolanta,Ciupka,70
Ewelina,Sztorc,43
Daniel,Tusiński,61
Mateusz,Blicharz,37
Andrzej,Olkowski,20
Jacek,Starowicz,65
Magdalena,Smoleński,28
Edward,Ochman,39
Bogusław,Ledwoń,18
Hubert,Musiałek,23
Dominik,Grabarek,67
Eugeniusz,Seliga,15
Honorata,Starosta,59
Przemysław,Bartoszuk,56
Jacek,Gabor,44
Ilona,Rogala,20
Katarzyna,Kozerski,30
Leon,Kęski,23
Monika,Stadnicki,63
Natalia,Grodecki,54
Paweł,Królik,60
Grzegorz,Dzienis,30
Oliwia,Gryko,27
Anna,Jastrząb,30
Jolanta,Najdek,24
Marek,Pędzich,66
Tomasz,Czyżowski,53
Piotr,Gruba,46
Anna,Łoza,57
Jolanta,Kuleta,28
Ewelina,Pacyna,35
Daniel,Chodorowski,65
Mateusz,Łysik,67
Andrzej,Świerczek,46
Jacek,Żygadło,46
Magdalena,Piskorek,67
Edward,Wolicki,22
Bogusław,Piątkowski,32
Cezary,Sroga,35
Dominik,Tkacz,26
Eugeniusz,Maniecki,40
Honorata,Woliński,38
Przemysław,Jeziorski,45
Jacek,Klepacz,21
Ilona,Jaskulski,29
Katarzyna,Biela,23
Leon,Maliński,18
Monika,Rychlik,47
Natalia,Dziurzyński,31
Paweł,Waligóra,49
Grzegorz,Krzywdziński,51
Aleksander,Wardziński,39
Adam,Karkowski,21
Janusz,Bartkiewicz,45
Krzysztof,Motylewski,37
Anna,Gut,46
Jolanta,Pawelski,39
Marek,Nogaj,52
Tomasz,Romański,31
Piotr,Stolarski,38
Anna,Winkler,27
Jolanta,Parys,55
Ewelina,Kisielewski,55
Daniel,Krygier,50
Mateusz,Pyra,46
Andrzej,Kasperczyk,67
Jacek,Wierciński,58
Magdalena,Pietryka,58
Edward,Skóra,44
Bogusław,Lachowicz,33
Cezary,Pietrasik,65
Dominik,Chmielecki,44
Eugeniusz,Bandurski,46
Honorata,Budziński,64
Przemysław,Sawicz,49
Jacek,Kęsik,45
Ilona,Binek,69
Katarzyna,Majcherek,60
Grzegorz,Olszewski,69
Monika,Perzyna,21
Natalia,Zachara,21
Paweł,Mizerski,58
Grzegorz,Rapacz,31
Oliwia,Matlak,39
Anna,Magdziak,47
Jolanta,Pobłocki,53
Marek,Suchecki,24
Tomasz,Florkowski,40
Piotr,Zwolski,43
Anna,Foltyn,51
Jolanta,Koch,56
Ewelina,Konkel,64
Daniel,Dołęgowski,33
Mateusz,Kukułka,63
Andrzej,Fajfer,59
Jacek,Świątek,39
Magdalena,Kubasik,41
Edward,Sałata,57
Bogusław,Kaczorek,61
Cezary,Suliga,34
Dominik,Wnorowski,60
Eugeniusz,Drożdżyński,56
Joanna,Słomski,46
Przemysław,Kudzia,30
Jacek,Guziński,65
Ilona,Więcławski,68
Katarzyna,Zarzecki,23
Leon,Chudzicki,43
Monika,Skrok,67
Natalia,Kotkowski,60
Paweł,Chęć,28
Grzegorz,Ordon,34
Oliwia,Karbowniczek,68
Adam,Kaliszewski,17
Janusz,Sitkowski,54
Krzysztof,Pacholczyk,49
Anna,Ziembicki,54
Jolanta,Otto,67
Marek,Manikowski,30
Tomasz,Badura,34
Piotr,Gołębiowski,20
Anna,Antoniewicz,55
Stanisław,Rudnicki,40
Ewelina,Pawlicki,51
Daniel,Rabenda,45
Mateusz,Jaskot,35
Andrzej,Stawicki,68
Jacek,Siekiera,66
Magdalena,Wolniewicz,62
Edward,Wiatr,50
Bogusław,Ćwikliński,57
Cezary,Kluczek,17
Dominik,Potempa,57
Eugeniusz,Cicha,40
Honorata,Gajowniczek,25
Przemysław,Moczydłowski,48
Jacek,Moćko,63
Ilona,Zawiślak,57
Katarzyna,Rękawek,33
Stefan,Stefaniuk,48
Monika,Rządkowski,53
Natalia,Deręgowski,66
Paweł,Załęcki,26
Grzegorz,Gostkowski,59
Oliwia,Borówka,22
Anna,Obrzut,45
Jolanta,Frańczak,30
Marek,Truszczyński,27
Tomasz,Ignatowicz,32
Piotr,Soboń,51
Anna,Wojtal,45
Jolanta,Karbownik,48
Ewelina,Gac,22
Daniel,Antas,25
Mateusz,Czerw,52
Andrzej,Zawadka,65
Jacek,Kopaczewski,64
Magdalena,Bednarczuk,50
Edward,Nyga,24
Bogusław,Szczurowski,21
Cezary,Migacz,23
Dominik,Koncewicz,29
Eugeniusz,Niewiarowski,65
Honorata,Gawrych,37
Przemysław,Rola,54
Jacek,Ozga,48
Ilona,Aleksandrowicz,45
Katarzyna,Jarosz,40
Leon,Topczewski,20
Monika,Anders,25
Natalia,Sekuła,23
Paweł,Jachowicz,50
Grzegorz,Walczuk,65
Oliwia,Jezierski,55
Adam,Rowicki,36
Janusz,Bakalarski,60
Krzysztof,Pietraszewski,64
Anna,Chrząstek,49
Jolanta,Kmiotek,24
Marek,Laski,26
Tomasz,Środa,55
Piotr,Piórkowski,56
Anna,Dziadek,20
Jolanta,Rogóż,52
Ewelina,Data,38
Daniel,Rosiek,46
Mateusz,Filipkowski,58
Andrzej,Małkiewicz,58
Jacek,Śliwowski,28
Magdalena,Różycki,41
Edward,Hałas,59
Bogusław,Przybysz,52
Cezary,Krasuski,27
Dominik,Wałach,53
Eugeniusz,Belka,66
Honorata,Derkacz,67
Przemysław,Piontek,36
Jacek,Suchy,38
Stanisław,Pilch,38
Katarzyna,Nagórski,26
Leon,Zioło,56
Monika,Jackiewicz,53
Natalia,Komor,50
Paweł,Antkiewicz,54
Grzegorz,Cieplak,66
Oliwia,Kosiorek,20
Anna,Jarzębowski,21
Jolanta,Mickiewicz,36
Marek,Matusiewicz,59
Tomasz,Michalski,26
Piotr,Surma,55
Anna,Faron,52
Jolanta,Politowski,27
Ewelina,Greń,28
Daniel,Piłat,53
Mateusz,Szymankiewicz,52
Andrzej,Pecyna,25
Jacek,Wesołek,60
Magdalena,Góralski,64
Edward,Mruk,33
Bogusław,Kuźmiński,48
Cezary,Szulc,40
Dominik,Świerkowski,36
Eugeniusz,Siejka,52
Honorata,Smuga,32
Przemysław,Wiktorowicz,56
Jacek,Skrzypiec,46
Ilona,Kordek,46
Katarzyna,Dziewięcki,55
Leon,Pietruszka,64
Monika,Kownacki,31
Natalia,Maciejczak,55
Paweł,Szeremeta,36
Grzegorz,Kret,42
Oliwia,Dzida,51
Adam,Witowski,31
Janusz,Chmielowski,28
Krzysztof,Szablewski,27
Anna,Klimas,46
Jolanta,Grzegorski,29
Marek,Nowiński,35
Tomasz,Ruciński,60
Piotr,Koczur,41
Anna,Muchowski,56
Jolanta,Zgierski,46
Ewelina,Wiktorowski,54
Daniel,Sasin,65
Mateusz,Sosna,63
Andrzej,Opala,40
Jacek,Ptak,55
Magdalena,Grześ,65
Edward,Kuna,55
Bogusław,Domaradzki,49
Tomasz,Magda,69
Dominik,Pszczółkowski,33
Eugeniusz,Hildebrandt,39
Honorata,Sokólski,45
Przemysław,Witecki,28
Jacek,Walter,38
Ilona,Kur,59
Katarzyna,Sawiński,31
Leon,Wawrzyński,40
Monika,Wenta,57
Natalia,Lejman,34
Paweł,Pacek,65
Grzegorz,Szczygielski,57
Marta,Kulas,37
Anna,Butkiewicz,34
Jolanta,Cieślik,48
Marek,Kosiba,24
Tomasz,Rogaczewski,57
Piotr,Pesta,34
Andrzej,Simiński,63
Jolanta,Duda,68
Ewelina,Wojtyniak,29
Daniel,Wysoczański,35
Mateusz,Kędzior,23
Andrzej,Wałęga,58
Jacek,Głowacki,20
Magdalena,Kobyliński,57
Edward,Błaszczuk,49
Bogusław,Gołąbek,43
Kamil,Konieczny,51
Dominik,Kampa,29
Eugeniusz,Cieśluk,32
Honorata,Piechnik,56
Przemysław,Biliński,49
Jacek,Pawełczak,44
Ilona,Reszczyński,26
Katarzyna,Niewęgłowski,63
Leon,Golba,40
Monika,Dobkowski,64
Natalia,Grochowina,27
Paweł,Jędrych,26
Grzegorz,Lipiński,43
Oliwia,Szczepański,40
Adam,Meyer,27
Janusz,Ziemiński,31
Krzysztof,Bujak,58
Przemysław,Kraśniewski,42
Janusz,Sierocki,62
Marek,Lipa,61
Tomasz,Krukowski,46
Piotr,Filipowski,27
Anna,Cieśla,32
Jolanta,Reczek,56
Danuta,Janowski,63
Daniel,Talar,45
Mateusz,Kaptur,30
Andrzej,Łabuda,57
Jacek,Nicpoń,31
Magdalena,Żyła,60
Edward,Wachowiak,40
Bogusław,Witkiewicz,55
Gabriela,Błachowicz,21
Dominik,Wiatrowski,61
Eugeniusz,Sierzputowski,69
Honorata,Skrzypczak,21
Przemysław,Boczkowski,22
Jacek,Potrykus,23
Ilona,Oniszczuk,52
Katarzyna,Banaszewski,40
Władysław,Antczak,68
Monika,Rafalski,20
Natalia,Gniazdowski,30
Paweł,Gmyrek,23
Grzegorz,Łysakowski,68
Maria,Chaciński,41
Anna,Poprawa,27
Patrycja,Kubisiak,42
Marek,Dudzic,27
Tomasz,Kozak,49
Piotr,Łuczyński,47
Anna,Bogdanowicz,67
Jolanta,Bochen,48
Ewelina,Malesa,31
Daniel,Kotwicki,21
Mateusz,Jesionowski,20
Andrzej,Czerny,25
Jacek,Śliwiński,62
Magdalena,Doliński,38
Edward,Murawski,25
Bogusław,Barnaś,41
Cezary,Rusinek,23
Dominik,Sobiecki,63
Eugeniusz,Ulatowski,67
Honorata,Konopacki,29
Przemysław,Otręba,33
Jacek,Szmyt,23
Ilona,Chowaniec,28
Katarzyna,Wrzosek,42
Leon,Wasiński,34
Monika,Komorek,37
Natalia,Serwin,47
Paweł,Kalina,41
Grzegorz,Duszyński,33
Oliwia,Pióro,46
Adam,Łuba,46
Janusz,Chodkiewicz,24
Krzysztof,Binkiewicz,28
Anna,Trocha,21
Jolanta,Dymiński,61
Marek,Gil,24
Tomasz,Błaszkiewicz,61
Piotr,Gutkowski,26
Anna,Chmieliński,36
Jolanta,Dragan,66
Ewelina,Andrzejczyk,50
Daniel,Filipczuk,42
Mateusz,Sobiesiak,35
Andrzej,Barwiński,68
Jacek,Głos,48
Magdalena,Rekowski,59
Edward,Szafraniec,28
Bogusław,Sobolewski,55
Cezary,Kapela,28
Dominik,Hibner,49
Eugeniusz,Jedynak,31
Zdzisław,Mrówczyński,40
Przemysław,Szczur,63
Jacek,Wojtyczka,50
Miłosz,Murzyn,23
Katarzyna,Matelski,58
Leon,Ławecki,36
Monika,Koźlik,23
Natalia,Markiewicz,51
Paweł,Błaut,22
Grzegorz,Mrowiński,35
Oliwia,Skuza,70
Anna,Ławrynowicz,67
Jolanta,Danowski,39
Marek,Kurczewski,24
Tomasz,Dolna,60
Piotr,Smoter,34
Anna,Rudnik,52
Jolanta,Bargieł,59
Ewelina,Paziewski,39
Daniel,Fabian,23
Mateusz,Szczerba,60
Andrzej,Kowalski,26
Jacek,Mariański,60
Magdalena,Janota,47
Edward,Zięcina,22
Bogusław,Leśniewicz,51
Cezary,Jaskuła,68
Dominik,Statkiewicz,31
Eugeniusz,Kuraś,29
Honorata,Żuraw,51
Przemysław,Olszowski,29
Jacek,Grzywiński,63
Ilona,Borawski,62
Katarzyna,Karoń,52
Leon,Dunajski,42
Monika,Gładkowski,64
Natalia,Wysocki,35
Paweł,Ruta,40
Grzegorz,Deja,53
Oliwia,Rębacz,47
Adam,Gierczak,63
Janusz,Moskwa,37
Krzysztof,Pudełko,31
Anna,Groszek,35
Jolanta,Maik,20
Marek,Przygodzki,39
Tomasz,Haber,21
Piotr,Grabek,36
Anna,Buliński,47
Jolanta,Formela,29
Ewelina,Ciszak,46
Daniel,Szałek,19
Mateusz,Radziejewski,50
Andrzej,Wodzyński,25
Jacek,Jarzyński,66
Magdalena,Starzyk,67
Edward,Pomorski,53
Bogusław,Boratyński,32
Cezary,Fryc,27
Dominik,Myśliwiec,57
Eugeniusz,Jurek,37
Irena,Szubert,54
Przemysław,Seroczyński,46
Jacek,Hryciuk,29
Ilona,Kuciński,27
Katarzyna,Piechowicz,39
Leon,Pestka,38
Monika,Migdał,31
Natalia,Marszałek,39
Paweł,Chęciński,67
Grzegorz,Sarnecki,69
Regina,Fila,26
Anna,Bębenek,68
Jolanta,Kondrat,67
Marek,Lipnicki,48
Tomasz,Miziołek,48
Piotr,Marut,44
Marta,Gliwa,26
Jolanta,Kierzek,65
Ewelina,Garus,27
Daniel,Feliks,38
Mateusz,Kaczorowski,25
Andrzej,Możdżeń,28
Jacek,Pruski,35
Grażyna,Mączka,39
Edward,Rodzik,50
Bogusław,Sroczyński,55
Cezary,Skotnicki,70
Dominik,Siemiątkowski,23
Eugeniusz,Wołowski,26
Honorata,Czepiel,62
Przemysław,Adamczewski,20
Jacek,Karski,46
Ilona,Wronka,29
Katarzyna,Ćwikła,70
Leon,Kufel,63
Monika,Grochowski,37
Teresa,Tomkiewicz,24
Paweł,Talik,21
Grzegorz,Momot,30
Monika,Kotas,59
Adam,Kowalik,61
Janusz,Bondyra,45
Krzysztof,Szostak,51
Anna,Smok,64
Jolanta,Masiak,35
Marek,Gos,57
Tomasz,Jasek,41
Piotr,Paszko,39
Anna,Grela,41
Halina,Kubica,63
Ewelina,Sobota,27
Daniel,Borowczak,37
Mateusz,Werner,59
Andrzej,Jaroszyński,56
Jacek,Pękalski,57
Magdalena,Swat,44
Edward,Schulz,36
Bogusław,Tchórz,51
Cezary,Miklas,70
Dominik,Najda,68
Eugeniusz,Bartkowski,40
Honorata,Wasiak,41
Przemysław,Janicki,56
Jacek,Bereza,44
Ilona,Faliński,22
Katarzyna,Olesiński,48
Leon,Byczek,25
Monika,Steć,64
Natalia,Rybczyński,45
Paweł,Marcol,52
Grzegorz,Białoń,29
Oliwia,Niedzielski,25
Anna,Ciupiński,59
Jolanta,Fornalczyk,53
Marek,Matysiak,51
Tomasz,Gleń,27
Piotr,Blok,64
Anna,Rozmus,69
Ewa,Grala,23
Ewelina,Tucholski,50
Daniel,Orzechowski,41
Mateusz,Wilkosz,66
Andrzej,Ilczuk,55
Jacek,Łątka,26
Magdalena,Paź,67
Edward,Wątor,42
Bogusław,Kałużna,30
Cezary,Hinz,65
Dominik,Tkaczuk,61
Eugeniusz,Żyliński,42
Helna,Rak,60
Przemysław,Figurski,55
Jacek,Siwiec,46
Ilona,Bartosiak,60
Katarzyna,Opiela,65
Leon,Orzoł,65
Monika,Piecyk,61
Natalia,Ptasznik,67
Paweł,Jeliński,48
Grzegorz,Cichosz,40
Oliwia,Pawlica,39
Adam,Żaczek,46
Janusz,Kosmalski,21
Krzysztof,Daniłowicz,29
Anna,Jaszczak,45
Jolanta,Liszka,25
Marek,Staroń,59
Tomasz,Bartoń,24
Piotr,Kożuchowski,59
Anna,Saja,20
Jolanta,Szczypiński,41
Ewelina,Chomicki,43
Daniel,Pawlas,42
Mateusz,Walas,46
Andrzej,Adamczyk,68
Jacek,Sadecki,25
Magdalena,Łabędź,48
Edward,Pikus,54
Bogusław,Witt,25
Cezary,Grzelka,32
Dominik,Kusy,23
Eugeniusz,Gontarek,40
Honorata,Paluszek,39
Wojciech,Sławski,55
Joanna,Molęda,57
Ilona,Waśkiewicz,50
Katarzyna,Niedziałkowski,27
Przemysław,Kornas,39
Monika,Wawrzak,70
Natalia,Kozanecki,31
Paweł,Krysiński,55
Grzegorz,Bronisz,24
Patrycja,Nitecki,62
Anna,Sykuła,19
Joanna,Witek,54
Marek,Miśkiewicz,26
Tomasz,Brzęczek,18
Piotr,Jurczyk,56
Marcin,Sarnowski,50
Jolanta,Paduch,63
Ewelina,Gorczyca,65
Daniel,Czupryński,33
Mateusz,Fałek,28
Andrzej,Domeracki,41
Jacek,Wilk,32
Magdalena,Ginter,55
Edward,Kruczyński,55
Bogusław,Kaczanowski,49
Cezary,Warszawski,35
Dominik,Mielniczek,24
Eugeniusz,Będkowski,50
Remigiusz,Budka,42
Przemysław,Daniel,28
Jacek,Gałan,45
